custom_id,clientGithubURL,clientProject,clientProjectOrganisation,breakingCommit,dependencyGroupID,dependencyArtifactID,previousVersion,newVersion,failureCategory,libraryGithubURL,ClientCloneStatus,LibraryCloneStatus,LibraryRepoFolder,ActualImportBase
BBC07,https://github.com/lookfirst/sardine/pull/334,sardine,lookfirst,d4aade950ffc07b63a0140e43ecf930a2c8aec43,org.apache.httpcomponents,httpclient,4.5.1,4.5.13,TEST_FAILURE,https://github.com/apache/httpcomponents-client,Cloned,Cloned,httpcomponents-client,org.apache.http.impl.client
BBC08,https://github.com/matteobaccan/html2pop3/pull/315,html2pop3,matteobaccan,52c069901110c60553be85f5cc0e1381da26960c,ch.qos.logback,logback-classic,1.4.1,1.4.3,TEST_FAILURE,https://github.com/qos-ch/logback,Cloned,Cloned,logback,ch.qos.logback
BBC09,https://github.com/retest/recheck.cli/pull/362,recheck.cli,retest,533591407112b14f7ff2d46d515c599eb4674e95,ch.qos.logback,logback-classic,1.2.11,1.4.6,TEST_FAILURE,https://github.com/qos-ch/logback,Cloned,Cloned,logback,ch.qos.logback
BBC11,https://github.com/quarkiverse/quarkus-micrometer-registry/pull/314,quarkus-micrometer-registry,quarkiverse,fb40f5e5fc20ca31cf9fdadd5ace53f7de5ea093,io.quarkiverse.googlecloudservices,quarkus-google-cloud-common-grpc,1.4.0,2.2.0,TEST_FAILURE,https://github.com/quarkiverse/quarkus-google-cloud-services,Cloned,Cloned,quarkus-google-cloud-services,io.quarkus:quarkus-grpc
BBC12,https://github.com/alphagov/pay-adminusers/pull/1746,pay-adminusers,alphagov,d4b00540f924069034a93ef4c14e4cc950dd5368,org.slf4j,slf4j-api,1.7.36,2.0.4,TEST_FAILURE,https://github.com/qos-ch/slf4j,Cloned,Cloned,slf4j,org.slf4j
BBC13,https://github.com/pac4j/dropwizard-pac4j/pull/326,dropwizard-pac4j,pac4j,6b2f30ebeacbc54b3b86971b2f2513c7ba9cf872,org.hibernate.validator,hibernate-validator,6.2.4.Final,8.0.0.Final,TEST_FAILURE,https://github.com/hibernate/hibernate-validator,Cloned,Cloned,hibernate-validator,org.hibernate.validator
BBC14,https://github.com/matteobaccan/html2pop3/pull/312,html2pop3,matteobaccan,dec73a7c634142d631306f8cf201e228fe3ebcc6,ch.qos.logback,logback-classic,1.4.1,1.4.3,TEST_FAILURE,https://github.com/qos-ch/logback,Cloned,Cloned,logback,ch.qos.logback
BBC18,https://github.com/spotify/semantic-metrics/pull/132,semantic-metrics,spotify,851e6b1628f8ecb86db912dc5431a496ddf02148,com.squareup.okhttp3,okhttp,3.3.1,3.14.9,TEST_FAILURE,https://github.com/square/okhttp,Cloned,Cloned,okhttp,okhttp3.recipes
BBC21,https://github.com/pholser/junit-quickcheck/pull/483,junit-quickcheck,pholser,0ee8b9376b967938e8efd89a0959214a30d1b3fb,org.mockito,mockito-core,4.11.0,5.1.1,TEST_FAILURE,https://github.com/mockito/mockito,Cloned,Cloned,mockito,org.mockito.internal
BBC23,https://github.com/s4u/sign-maven-plugin/pull/144,sign-maven-plugin,s4u,d154a6b3665305fda43a95a66c8df415d1d4c041,org.slf4j,slf4j-api,1.7.36,2.0.5,TEST_FAILURE,https://github.com/qos-ch/slf4j,Cloned,Cloned,slf4j,org.slf4j
BBC24,https://github.com/jadler-mocking/jadler/pull/267,jadler,jadler-mocking,8e1f764e628fbcd6813c9dc0329854ac46375c83,org.slf4j,slf4j-api,1.7.36,2.0.0,TEST_FAILURE,https://github.com/qos-ch/slf4j,Cloned,Cloned,slf4j,org.slf4j
BBC25,https://github.com/geosolutions-it/geostore/pull/248,geostore,geosolutions-it,9c0f1348f89dffae4ad0d4f7e1906fc8c8ba8dca,com.h2database,h2,1.3.175,2.1.210,TEST_FAILURE,https://github.com/h2database/h2database,Cloned,Cloned,h2database,org.h2.test
BBC26,https://github.com/searls/jasmine-maven-plugin/pull/584,jasmine-maven-plugin,searls,d2fb00d2a9b8268caf773f70985f39be6eae8ea7,org.slf4j,slf4j-api,1.7.32,2.0.5,TEST_FAILURE,https://github.com/qos-ch/slf4j,Cloned,Cloned,slf4j,org.slf4j
BBC28,https://github.com/premium-minds/billy/pull/267,billy,premium-minds,6ee4bf66c141d1f756b6ccd793a64fb499ab46c8,org.hibernate.validator,hibernate-validator,6.1.7.Final,7.0.3.Final,TEST_FAILURE,https://github.com/hibernate/hibernate-validator,Cloned,Cloned,hibernate-validator,org.hibernate.validator
BBC38,https://github.com/pac4j/dropwizard-pac4j/pull/366,dropwizard-pac4j,pac4j,474422dcefb61cf1460c9f218a11b7ba693725c2,org.glassfish.jersey.core,jersey-server,2.32,2.39,TEST_FAILURE,https://github.com/eclipse-ee4j/jersey,Cloned,Cloned,jersey,org.glassfish.jersey
BBC39,https://github.com/alphagov/pay-adminusers/pull/1763,pay-adminusers,alphagov,14e2c8d47384137d1fff33d9a1441af3d1ef29a3,org.slf4j,slf4j-api,1.7.36,2.0.5,TEST_FAILURE,https://github.com/qos-ch/slf4j,Cloned,Cloned,slf4j,org.slf4j
BBC41,https://github.com/pholser/junit-quickcheck/pull/490,junit-quickcheck,pholser,8b057977647445aade80627a06bd65867f64b948,org.mockito,mockito-core,4.11.0,5.2.0,TEST_FAILURE,https://github.com/mockito/mockito,Cloned,Cloned,mockito,org.mockito.internal
BBC43,https://github.com/googleapis/java-datastore/pull/700,java-datastore,googleapis,746846c51abe7965b025db5f7cd5b4a16fa6e535,org.apache.maven.surefire,surefire-junit47,3.0.0-M5,3.0.0-M6,TEST_FAILURE,https://github.com/apache/maven-surefire,Cloned,Cloned,maven-surefire,org.apache.maven
BBC44,https://github.com/jadler-mocking/jadler/pull/275,jadler,jadler-mocking,c4071651dc726b94d118e67b4d76e1979661ffda,org.slf4j,slf4j-api,1.7.36,2.0.2,TEST_FAILURE,https://github.com/qos-ch/slf4j,Cloned,Cloned,slf4j,org.slf4j
BBC45,https://github.com/retest/recheck/pull/1051,recheck,retest,28745a38581cf7de6f4bf931f59b39925fe7c4ec,org.slf4j,slf4j-api,1.7.36,2.0.4,TEST_FAILURE,https://github.com/qos-ch/slf4j,Cloned,Cloned,slf4j,org.slf4j
BBC46,https://github.com/pmckeown/dependency-track-maven-plugin/pull/335,dependency-track-maven-plugin,pmckeown,72bb17e6e5f31139e268355362afabdb36c9714f,com.sun.xml.bind,jaxb-impl,2.3.3,4.0.1,TEST_FAILURE,https://github.com/eclipse-ee4j/jaxb-ri,Cloned,Cloned,jaxb-ri,com.sun.tools
BBC48,https://github.com/googleapis/gax-java/pull/1957,gax-java,googleapis,9b63e53888ebdd9c84f4eec3cb661299dea41344,org.mockito,mockito-core,4.11.0,5.1.0,TEST_FAILURE,https://github.com/mockito/mockito,Cloned,Cloned,mockito,org.mockito.internal
BBC57,https://github.com/camunda-community-hub/camunda-platform-7-camel/pull/72,camunda-platform-7-camel,camunda-community-hub,a9c9228182e2e46c98643332f65b0fe372f0a9e4,jakarta.xml.bind,jakarta.xml.bind-api,2.3.2,3.0.1,TEST_FAILURE,https://github.com/jakartaee/jaxb-api,Cloned,Cloned,jaxb-api,jakarta.xml.bind
BBC58,https://github.com/premium-minds/billy/pull/235,billy,premium-minds,f951ead97d14eb29e625d14c2ed5258949728ee4,org.hibernate.validator,hibernate-validator,6.1.7.Final,7.0.2.Final,TEST_FAILURE,https://github.com/hibernate/hibernate-validator,Cloned,Cloned,hibernate-validator,org.hibernate.validator
BBC61,https://github.com/feedzai/pdb/pull/364,pdb,feedzai,04c07b066b60a2e9d4f797b98dcd439a3a42f0b9,org.slf4j,slf4j-api,1.7.36,2.0.4,TEST_FAILURE,https://github.com/qos-ch/slf4j,Cloned,Cloned,slf4j,org.slf4j
BBC62,https://github.com/s4u/sign-maven-plugin/pull/135,sign-maven-plugin,s4u,072528ee5e678feabeaa1e2962725134564bdd3c,org.slf4j,slf4j-api,1.7.36,2.0.2,TEST_FAILURE,https://github.com/qos-ch/slf4j,Cloned,Cloned,slf4j,org.slf4j
BBC63,https://github.com/retest/recheck/pull/1032,recheck,retest,34e00b73f0a3493dc126583abbaf32c04b38c4a2,org.slf4j,slf4j-api,1.7.36,2.0.0,TEST_FAILURE,https://github.com/qos-ch/slf4j,Cloned,Cloned,slf4j,org.slf4j
BBC65,https://github.com/alphagov/pay-cardid/pull/675,pay-cardid,alphagov,dd75e8070babe8916e4907885fce513d9cb26b80,org.dhatim,dropwizard-sentry,2.0.22,2.0.25-2,TEST_FAILURE,https://github.com/dhatim/dropwizard-sentry,Cloned,Cloned,dropwizard-sentry,org.dhatim.dropwizard
BBC66,https://github.com/searls/jasmine-maven-plugin/pull/570,jasmine-maven-plugin,searls,4bbf6c2f38c57568196164323ded8ba8aff9953d,org.slf4j,slf4j-api,1.7.32,2.0.1,TEST_FAILURE,https://github.com/qos-ch/slf4j,Cloned,Cloned,slf4j,org.slf4j
BBC67,https://github.com/s4u/sign-maven-plugin/pull/158,sign-maven-plugin,s4u,c3d0aba8fabeb8026b73bdc1b891f64271cd06e7,org.slf4j,slf4j-api,1.7.36,2.0.7,TEST_FAILURE,https://github.com/qos-ch/slf4j,Cloned,Cloned,slf4j,org.slf4j
BBC69,https://github.com/pac4j/dropwizard-pac4j/pull/377,dropwizard-pac4j,pac4j,b9f3ed467fa1dddb9e315325f5411349378d467c,org.glassfish.jersey.core,jersey-server,2.32,2.39.1,TEST_FAILURE,https://github.com/eclipse-ee4j/jersey,Cloned,Cloned,jersey,org.glassfish.jersey
BBC71,https://github.com/alphagov/pay-adminusers/pull/1604,pay-adminusers,alphagov,ff77ec9ef379e9fee5f45f4fd88230e9bbbe4b89,org.slf4j,slf4j-api,1.7.36,2.0.2,TEST_FAILURE,https://github.com/qos-ch/slf4j,Cloned,Cloned,slf4j,org.slf4j
BBC75,https://github.com/pmckeown/dependency-track-maven-plugin/pull/392,dependency-track-maven-plugin,pmckeown,94380c9eb5be989b7e60e0353a03b03ff4687674,com.google.inject,guice,5.1.0,7.0.0,TEST_FAILURE,https://github.com/google/guice,Cloned,Cloned,guice,com.google.inject
BBC76,https://github.com/fmtn/a/pull/219,a,fmtn,0c088ff435224b168f93d2a20b829af940bb67dd,org.graalvm.js,js-scriptengine,22.3.2,23.0.1,TEST_FAILURE,https://github.com/graalvm/graaljs,Cloned,Cloned,graaljs,com.oracle.truffle
BBC77,https://github.com/matteobaccan/html2pop3/pull/376,html2pop3,matteobaccan,a18e08bb3fe120b33a5864ee94305a72290ef831,ch.qos.logback,logback-classic,1.4.5,1.4.6,TEST_FAILURE,https://github.com/qos-ch/logback,Cloned,Cloned,logback,ch.qos.logback
BBC84,https://github.com/pac4j/dropwizard-pac4j/pull/313,dropwizard-pac4j,pac4j,e0f2562e849012538cd30e2730c82991983f4eba,org.slf4j,slf4j-api,1.7.30,2.0.0,TEST_FAILURE,https://github.com/qos-ch/slf4j,Cloned,Cloned,slf4j,org.slf4j
BBC85,https://github.com/alphagov/pay-adminusers/pull/1626,pay-adminusers,alphagov,c5db2b610e30061ea559e10cbccffb055d345d5e,org.slf4j,slf4j-api,1.7.36,2.0.3,TEST_FAILURE,https://github.com/qos-ch/slf4j,Cloned,Cloned,slf4j,org.slf4j
BBC86,https://github.com/retest/recheck.cli/pull/349,recheck.cli,retest,41164ec5392b2c853ae871f10a9541c055028b36,ch.qos.logback,logback-classic,1.2.11,1.4.3,TEST_FAILURE,https://github.com/qos-ch/logback,Cloned,Cloned,logback,ch.qos.logback
BBC87,https://github.com/feedzai/pdb/pull/367,pdb,feedzai,18e92e4eb94da9f20b9864486865295176ebd83a,org.slf4j,slf4j-api,1.7.36,2.0.6,TEST_FAILURE,https://github.com/qos-ch/slf4j,Cloned,Cloned,slf4j,org.slf4j
BBC88,https://github.com/searls/jasmine-maven-plugin/pull/583,jasmine-maven-plugin,searls,bc73c14c4b588fd53f1f8e5f88be79f827ac6c6e,org.slf4j,slf4j-api,1.7.32,2.0.4,TEST_FAILURE,https://github.com/qos-ch/slf4j,Cloned,Cloned,slf4j,org.slf4j
BBC91,https://github.com/alphagov/pay-cardid/pull/719,pay-cardid,alphagov,d9e80390c47f51b6f8b3cdc1d6a1305eafde811f,org.dhatim,dropwizard-sentry,2.0.22,2.0.28-4,TEST_FAILURE,https://github.com/dhatim/dropwizard-sentry,Cloned,Cloned,dropwizard-sentry,org.dhatim.dropwizard
BBC92,https://github.com/retest/recheck.cli/pull/346,recheck.cli,retest,89c60030429466a6cca77c2549a53a17c085033d,ch.qos.logback,logback-classic,1.2.11,1.4.1,TEST_FAILURE,https://github.com/qos-ch/logback,Cloned,Cloned,logback,ch.qos.logback
BBC93,https://github.com/takari/polyglot-maven/pull/241,polyglot-maven,takari,d9a0df6feee60bb6d7d301f251cab386168eecd1,org.jetbrains.kotlin,kotlin-stdlib,1.3.31,1.6.0,TEST_FAILURE,https://github.com/JetBrains/kotlin,Cloned,Cloned,kotlin,org.jetbrains.kotlin
BBC94,https://github.com/geosolutions-it/geostore/pull/245,geostore,geosolutions-it,12e237710199fafa086fd2299edefd5f8f05a63c,com.h2database,h2,1.3.175,2.0.206,TEST_FAILURE,https://github.com/h2database/h2database,Cloned,Cloned,h2database,org.h2
BBC95,https://github.com/pmckeown/dependency-track-maven-plugin/pull/290,dependency-track-maven-plugin,pmckeown,4d4a773e3498e14932bfaf82f957c2a3f5c2cfe3,com.sun.xml.bind,jaxb-impl,2.3.3,4.0.0,TEST_FAILURE,https://github.com/eclipse-ee4j/jaxb-ri,Cloned,Cloned,jaxb-ri,com.sun.tools
BBC96,https://github.com/alphagov/pay-cardid/pull/712,pay-cardid,alphagov,30149ce4bdde6418aad7f02c35bd9dc8101b58ac,org.dhatim,dropwizard-sentry,2.0.22,2.0.28-3,TEST_FAILURE,https://github.com/dhatim/dropwizard-sentry,Cloned,Cloned,dropwizard-sentry,org.dhatim.dropwizard
BBC97,https://github.com/pholser/junit-quickcheck/pull/510,junit-quickcheck,pholser,4631885da3cfd6601de5d24133fa3828a590ca9e,org.mockito,mockito-core,4.11.0,5.4.0,TEST_FAILURE,https://github.com/mockito/mockito,Cloned,Cloned,mockito,org.mockito
BBC98,https://github.com/searls/jasmine-maven-plugin/pull/588,jasmine-maven-plugin,searls,426453d4be2fa291749ffda52de1653e16ddf3c9,org.slf4j,slf4j-api,1.7.32,2.0.6,TEST_FAILURE,https://github.com/qos-ch/slf4j,Cloned,Cloned,slf4j,org.slf4j
BBC99,https://github.com/jadler-mocking/jadler/pull/273,jadler,jadler-mocking,fc7d1a841bfe8a840b362fa09bae13e5231bc148,org.slf4j,slf4j-api,1.7.36,2.0.1,TEST_FAILURE,https://github.com/qos-ch/slf4j,Cloned,Cloned,slf4j,org.slf4j
BBC100,https://github.com/s4u/sign-maven-plugin/pull/131,sign-maven-plugin,s4u,1ca02168f00f994c625eeea6b5af4ab0a06f3a27,org.slf4j,slf4j-api,1.7.36,2.0.0,TEST_FAILURE,https://github.com/qos-ch/slf4j,Cloned,Cloned,slf4j,org.slf4j
BBC102,https://github.com/lukas-krecan/JsonUnit/pull/498,JsonUnit,lukas-krecan,5275fc9ef87a6d411b719d78c681b81ac914798b,org.apache.maven.surefire,surefire-junit4,3.0.0-M5,3.0.0-M6,TEST_FAILURE,https://github.com/apache/maven-surefire,Cloned,Cloned,maven-surefire,org.junit
BBC103,https://github.com/retest/recheck/pull/1054,recheck,retest,80a534da02670221e857647dda3ce3546c76b75e,org.slf4j,slf4j-api,1.7.36,2.0.5,TEST_FAILURE,https://github.com/qos-ch/slf4j,Cloned,Cloned,slf4j,org.slf4j
BBC105,https://github.com/alphagov/pay-cardid/pull/689,pay-cardid,alphagov,359f45ab2b6e53e99b26cb7c053114abff1bd74f,org.dhatim,dropwizard-sentry,2.0.22,2.0.26-3,TEST_FAILURE,https://github.com/dhatim/dropwizard-sentry,Cloned,Cloned,dropwizard-sentry,org.dhatim.dropwizard
BBC110,https://github.com/feedzai/pdb/pull/366,pdb,feedzai,b5eb721e10cb05e68c0283d8a76c46cc257a0331,org.slf4j,slf4j-api,1.7.36,2.0.5,TEST_FAILURE,https://github.com/qos-ch/slf4j,Cloned,Cloned,slf4j,org.slf4j
BBC112,https://github.com/s4u/sign-maven-plugin/pull/133,sign-maven-plugin,s4u,bd93ad3b61139e8bf91a1a0ff5351bc9d3d8bbbc,org.slf4j,slf4j-api,1.7.36,2.0.1,TEST_FAILURE,https://github.com/qos-ch/slf4j,Cloned,Cloned,slf4j,org.slf4j
BBC113,https://github.com/matteobaccan/html2pop3/pull/291,html2pop3,matteobaccan,2b60dcd83ece76e58dee05be56f00eba6deb4ac6,ch.qos.logback,logback-classic,1.2.11,1.4.0,TEST_FAILURE,https://github.com/qos-ch/logback,Cloned,Cloned,logback,ch.qos.logback
BBC114,https://github.com/s4u/sign-maven-plugin/pull/137,sign-maven-plugin,s4u,c9cc7d936dda55c66b41411ba608549061914806,org.slf4j,slf4j-api,1.7.36,2.0.3,TEST_FAILURE,https://github.com/qos-ch/slf4j,Cloned,Cloned,slf4j,org.slf4j
BBC115,https://github.com/jericks/geoserver-shell/pull/15,geoserver-shell,jericks,57062474434f91f25595516ae8b759a53073a40f,org.json,json,20090211,20230227,TEST_FAILURE,https://github.com/douglascrockford/JSON-java,Cloned,Cloned,JSON-java,org.json.junit
BBC117,https://github.com/alphagov/pay-adminusers/pull/1558,pay-adminusers,alphagov,fcac4926cf5adb0de62abda8c386056bcc516f70,org.slf4j,slf4j-api,1.7.36,2.0.0,TEST_FAILURE,https://github.com/qos-ch/slf4j,Cloned,Cloned,slf4j,org.slf4j
BBC126,https://github.com/camunda-community-hub/camunda-platform-7-camel/pull/114,camunda-platform-7-camel,camunda-community-hub,3b26e04706e255544d99886b643936cfff6e2aeb,jakarta.xml.bind,jakarta.xml.bind-api,2.3.2,4.0.0,TEST_FAILURE,https://github.com/jakartaee/jaxb-api,Cloned,Cloned,jaxb-api,jakarta.xml.bind
BBC127,https://github.com/oripa/oripa/pull/164,oripa,oripa,ac14d8362de4bfcf636e1468d68faa10d8b42669,org.apache.logging.log4j,log4j-core,2.12.1,2.15.0,TEST_FAILURE,https://github.com/apache/logging-log4j2,Cloned,Cloned,logging-log4j2,org.apache.logging
BBC128,https://github.com/spotify/missinglink/pull/321,missinglink,spotify,78445745997d3ebe5d1e35d9762d95af875c85ec,org.codehaus.plexus,plexus-utils,3.5.0,4.0.0,TEST_FAILURE,https://github.com/codehaus-plexus/plexus-utils,Cloned,Cloned,plexus-utils,org.codehaus.plexus
BBC129,https://github.com/alphagov/pay-cardid/pull/1042,pay-cardid,alphagov,a0855ad505640bff0825e1cde2ab7cacdfb5c2af,org.dhatim,dropwizard-sentry,2.1.2-4,4.0.1-3,TEST_FAILURE,https://github.com/dhatim/dropwizard-sentry,Cloned,Cloned,dropwizard-sentry,org.dhatim.dropwizard
BBC130,https://github.com/retest/recheck.cli/pull/345,recheck.cli,retest,c007e01d4bad22201d0ce3dcf3a4dc04bc282647,ch.qos.logback,logback-classic,1.2.11,1.4.0,TEST_FAILURE,https://github.com/qos-ch/logback,Cloned,Cloned,logback,ch.qos.logback
BBC131,https://github.com/retest/recheck/pull/1041,recheck,retest,02363207c365b3befd6426f6dda5c8eac904d760,org.slf4j,slf4j-api,1.7.36,2.0.3,TEST_FAILURE,https://github.com/qos-ch/slf4j,Cloned,Cloned,slf4j,org.slf4j
BBC134,https://github.com/pac4j/dropwizard-pac4j/pull/350,dropwizard-pac4j,pac4j,f1dfdcd3774cc7ad8900e232607d1519085e48d7,org.glassfish.jersey.core,jersey-server,2.32,2.38,TEST_FAILURE,https://github.com/eclipse-ee4j/jersey,Cloned,Cloned,jersey,org.glassfish.jersey
BBC135,https://github.com/searls/jasmine-maven-plugin/pull/571,jasmine-maven-plugin,searls,60d8c1a25e2d7fc688f1b2306be5675f089b74e9,org.slf4j,slf4j-api,1.7.32,2.0.2,TEST_FAILURE,https://github.com/qos-ch/slf4j,Cloned,Cloned,slf4j,org.slf4j
BBC136,https://github.com/retest/recheck/pull/1037,recheck,retest,c8a572a7d8e67eef75d9ab1a80d6acb952be6d7e,org.slf4j,slf4j-api,1.7.36,2.0.1,TEST_FAILURE,https://github.com/qos-ch/slf4j,Cloned,Cloned,slf4j,org.slf4j
BBC140,https://github.com/apache/directory-scimple/pull/49,directory-scimple,apache,2f9d75d4b01cd18afcb4676d134142882f9e0034,javax,javaee-api,7,8.0.1,TEST_FAILURE,https://github.com/javaee/glassfish,Cloned,Cloned,glassfish,com.sun.enterprise
BBC141,https://github.com/citerus/dddsample-core/pull/121,dddsample-core,citerus,8ecc7850c97f4616ec4e67f7568adf34293cc4f1,jakarta.xml.bind,jakarta.xml.bind-api,2.3.3,4.0.0,TEST_FAILURE,https://github.com/jakartaee/jaxb-api,Cloned,Cloned,jaxb-api,jakarta.xml.bind
BBC142,https://github.com/retest/recheck.cli/pull/353,recheck.cli,retest,e35a97cf177d8cd7d022c4adca7da24f1a17a2eb,ch.qos.logback,logback-classic,1.2.11,1.4.5,TEST_FAILURE,https://github.com/qos-ch/logback,Cloned,Cloned,logback,ch.qos.logback
BBC148,https://github.com/pholser/junit-quickcheck/pull/499,junit-quickcheck,pholser,7c90c61e90e9936d8a7e355de8900214c759cb61,org.mockito,mockito-core,4.11.0,5.3.1,TEST_FAILURE,https://github.com/mockito/mockito,Cloned,Cloned,mockito,org.mockito.internal
BBC149,https://github.com/retest/recheck.cli/pull/350,recheck.cli,retest,bab3a3c5b1aa9ee57dcbff7f146576f2c0c7251d,ch.qos.logback,logback-classic,1.2.11,1.4.4,TEST_FAILURE,https://github.com/qos-ch/logback,Cloned,Cloned,logback,ch.qos.logback
BBC152,https://github.com/alphagov/pay-cardid/pull/1038,pay-cardid,alphagov,770174eb3091f7a6cf44cc533db18246d7d8e241,org.dhatim,dropwizard-sentry,2.1.2-4,4.0.1-2,TEST_FAILURE,https://github.com/dhatim/dropwizard-sentry,Cloned,Cloned,dropwizard-sentry,org.dhatim.dropwizard
BBC156,https://github.com/fmtn/a/pull/214,a,fmtn,3b47c247b867ea50405402d650c08c8b5bbc2b8a,org.graalvm.js,js-scriptengine,22.3.2,23.0.0,TEST_FAILURE,https://github.com/graalvm/graaljs,Cloned,Cloned,graaljs,com.oracle.truffle
BBC157,https://github.com/alphagov/pay-cardid/pull/725,pay-cardid,alphagov,22eec990412b563439a1dfae84134b43d85d9815,org.dhatim,dropwizard-sentry,2.0.22,2.0.28-8,TEST_FAILURE,https://github.com/dhatim/dropwizard-sentry,Cloned,Cloned,dropwizard-sentry,org.dhatim.dropwizard
BBC159,https://github.com/pmckeown/dependency-track-maven-plugin/pull/348,dependency-track-maven-plugin,pmckeown,8ef89758401d5511783c909f8d45b5431afb361c,com.sun.xml.bind,jaxb-impl,2.3.3,4.0.2,TEST_FAILURE,https://github.com/eclipse-ee4j/jaxb-ri,Cloned,Cloned,jaxb-ri,com.sun.tools
BBC160,https://github.com/pac4j/dropwizard-pac4j/pull/295,dropwizard-pac4j,pac4j,3b7f524a09d711bc5af151086de48db940455e6a,org.glassfish.jersey.core,jersey-server,2.32,2.36,TEST_FAILURE,https://github.com/eclipse-ee4j/jersey,Cloned,Cloned,jersey,org.glassfish.jersey
BBC161,https://github.com/fmtn/a/pull/138,a,fmtn,56b1cde573f7b411a3a831bed30c624ddfdbdf3d,org.graalvm.js,js-scriptengine,22.0.0,22.1.0,TEST_FAILURE,https://github.com/graalvm/graaljs,Cloned,Cloned,graaljs,com.oracle.truffle
BBC162,https://github.com/retest/recheck/pull/1038,recheck,retest,5f8a3fa396d438157f595b07729f8d01e882c82e,org.slf4j,slf4j-api,1.7.36,2.0.2,TEST_FAILURE,https://github.com/qos-ch/slf4j,Cloned,Cloned,slf4j,org.slf4j
BBC163,https://github.com/alphagov/pay-adminusers/pull/1591,pay-adminusers,alphagov,1266a8c84cd04cedfa316bed94b1e9b014da872f,org.slf4j,slf4j-api,1.7.36,2.0.1,TEST_FAILURE,https://github.com/qos-ch/slf4j,Cloned,Cloned,slf4j,org.slf4j
BBC164,https://github.com/matteobaccan/html2pop3/pull/288,html2pop3,matteobaccan,471b0bd83c66392faf40bd52e9abc4883ef2bc7a,ch.qos.logback,logback-classic,1.2.11,1.4.0,TEST_FAILURE,https://github.com/qos-ch/logback,Cloned,Cloned,logback,ch.qos.logback
BBC167,https://github.com/retest/recheck/pull/1056,recheck,retest,bdbdd72d9988aa736bde515d46d3990527c92fee,org.slf4j,slf4j-api,1.7.36,2.0.6,TEST_FAILURE,https://github.com/qos-ch/slf4j,Cloned,Cloned,slf4j,org.slf4j
BBC172,https://github.com/alphagov/pay-cardid/pull/1035,pay-cardid,alphagov,ae0c985ae9bd343310b66c5d9895aa068b5ef505,org.dhatim,dropwizard-sentry,2.1.2-4,4.0.0,TEST_FAILURE,https://github.com/dhatim/dropwizard-sentry,Cloned,Cloned,dropwizard-sentry,org.dhatim.dropwizard
BBC173,https://github.com/pac4j/dropwizard-pac4j/pull/321,dropwizard-pac4j,pac4j,e59bf2313ed8a7a196c271ba1c9ea0e5a4b66f24,org.glassfish.jersey.core,jersey-server,2.32,2.37,TEST_FAILURE,https://github.com/eclipse-ee4j/jersey,Cloned,Cloned,jersey,org.glassfish.jersey
BBC174,https://github.com/s4u/sign-maven-plugin/pull/143,sign-maven-plugin,s4u,1cf2cb24c3532551856d5edd85148f978e11a63c,org.slf4j,slf4j-api,1.7.36,2.0.4,TEST_FAILURE,https://github.com/qos-ch/slf4j,Cloned,Cloned,slf4j,org.slf4j
BBC175,https://github.com/pac4j/dropwizard-pac4j/pull/278,dropwizard-pac4j,pac4j,8929dc34435f6b4e54bc889c83a5cb27b2931e51,jakarta.xml.bind,jakarta.xml.bind-api,2.3.3,4.0.0,TEST_FAILURE,https://github.com/jakartaee/jaxb-api,Cloned,Cloned,jaxb-api,jakarta.xml.bind
BBC177,https://github.com/premium-minds/billy/pull/269,billy,premium-minds,875358af2da44c7f35c3ee17bf2113cd6ec43491,org.hibernate.validator,hibernate-validator,6.1.7.Final,7.0.4.Final,TEST_FAILURE,https://github.com/hibernate/hibernate-validator,Cloned,Cloned,hibernate-validator,org.hibernate.validator
BBC178,https://github.com/searls/jasmine-maven-plugin/pull/572,jasmine-maven-plugin,searls,4dd50c6cb5a3ad507f1252df7263080fbe9bc10d,org.slf4j,slf4j-api,1.7.32,2.0.3,TEST_FAILURE,https://github.com/qos-ch/slf4j,Cloned,Cloned,slf4j,org.slf4j
BBC180,https://github.com/alphagov/pay-adminusers/pull/1785,pay-adminusers,alphagov,2241358955f2c69c84b24560ca10718c1c338b97,org.slf4j,slf4j-api,1.7.36,2.0.6,TEST_FAILURE,https://github.com/qos-ch/slf4j,Cloned,Cloned,slf4j,org.slf4j
BBC181,https://github.com/quick-perf/quickperf/pull/168,quickperf,quick-perf,9069046236a07524578ff81b32ff92f34c59553d,org.apache.logging.log4j,log4j-core,2.11.1,2.16.0,TEST_FAILURE,https://github.com/apache/logging-log4j2,Cloned,Cloned,logging-log4j2,org.apache.logging
BBC187,https://github.com/searls/jasmine-maven-plugin/pull/540,jasmine-maven-plugin,searls,a05bfd52ed33fb68c5edb2b53d9424d82ac60fa8,org.slf4j,slf4j-api,1.7.32,2.0.0,TEST_FAILURE,https://github.com/qos-ch/slf4j,Cloned,Cloned,slf4j,org.slf4j
BBC188,https://github.com/s4u/sign-maven-plugin/pull/145,sign-maven-plugin,s4u,b736ca80eab43feae1b3224f8402e0d2420fd035,org.slf4j,slf4j-api,1.7.36,2.0.6,TEST_FAILURE,https://github.com/qos-ch/slf4j,Cloned,Cloned,slf4j,org.slf4j